{
  "crimeRate": {
    "districts": [
      "강남구",
      "강동구",
      "강북구",
      "강서구",
      "관악구",
      "광진구",
      "구로구",
      "금천구",
      "노원구",
      "도봉구",
      "동대문구",
      "동작구",
      "마포구",
      "서대문구",
      "서초구",
      "성동구",
      "성북구",
      "송파구",
      "양천구",
      "영등포구",
      "용산구",
      "은평구",
      "종로구",
      "중구",
      "중랑구"
    ],
    "crimeTypes": [
      "살인",
      "강도",
      "강간",
      "절도",
      "폭력"
    ],
    "data": {
      "강남구": {
        "살인": 0.0008745431887268343,
        "강도": 0.0016080554333175448,
        "강간": 0.04085096051892056,
        "절도": 0.3526853535005463,
        "폭력": 0.39247839276959234
      },
      "강동구": {
        "살인": 0.00014423436445003902,
        "강도": 0.0003750586510415937,
        "강간": 0.017686880145408188,
        "절도": 0.272747716829076,
        "폭력": 0.31268031840941496
      },
      "강북구": {
        "살인": 0.00079151678776783,
        "강도": 0.00190044778426873,
        "강간": 0.02392064900050089,
        "절도": 0.22685502136016564,
        "폭력": 0.41933375860996475
      },
      "강서구": {
        "살인": 0.000289040121041456,
        "강도": 0.00080885811799105,
        "강간": 0.022381304991399197,
        "절도": 0.18127233939232507,
        "폭력": 0.27752530516082485
      },
      "관악구": {
        "살인": 0.000578425733954342,
        "강도": 0.0008770390481834793,
        "강간": 0.03153467264237491,
        "절도": 0.26903179522594883,
        "폭력": 0.3279581559004986
      },
      "광진구": {
        "살인": 0.00024479591306672815,
        "강도": 0.0016503212175662239,
        "강간": 0.03341519309925482,
        "절도": 0.42499454293281447,
        "폭력": 0.3686329782223846
      },
      "구로구": {
        "살인": 0.0006169305747082554,
        "강도": 0.0014344822602194156,
        "강간": 0.03250144630964349,
        "절도": 0.27239446945820384,
        "폭력": 0.3508794312672752
      },
      "금천구": {
        "살인": 0.00029778316241473767,
        "강도": 0.0009129805335625455,
        "강간": 0.03064752013903992,
        "절도": 0.3210206793208052,
        "폭력": 0.4208877192371327
      },
      "노원구": {
        "살인": 0.0006012732138565186,
        "강도": 0.0003256669870796419,
        "강간": 0.017780728016281822,
        "절도": 0.20115073756516375,
        "폭력": 0.24984117096241196
      },
      "도봉구": {
        "살인": 0.00013268639711677498,
        "강도": 0.001032887608816465,
        "강간": 0.014986006390161665,
        "절도": 0.15916823379739542,
        "폭력": 0.22278245275750685
      },
      "동대문구": {
        "살인": 0.00039042284420356564,
        "강도": 0.0015229621289021829,
        "강간": 0.024173747822874528,
        "절도": 0.280127626164762,
        "폭력": 0.3603963479677766
      },
      "동작구": {
        "살인": 0.0003165985899479033,
        "강도": 0.0008238088288926822,
        "강간": 0.035821315316082424,
        "절도": 0.23616935969927005,
        "폭력": 0.2418754748873988
      },
      "마포구": {
        "살인": 0.0007565491160515444,
        "강도": 0.0015620216096400054,
        "강간": 0.03915073797710152,
        "절도": 0.3426796226443532,
        "폭력": 0.4001366605203301
      },
      "서대문구": {
        "살인": 2.3566207456608274e-06,
        "강도": 0.00048201286496375744,
        "강간": 0.02430493966112922,
        "절도": 0.2893949572989972,
        "폭력": 0.3284069984954024
      },
      "서초구": {
        "살인": 0.0006118761368932769,
        "강도": 0.0007280374300965702,
        "강간": 0.04533397402016123,
        "절도": 0.3057675933819449,
        "폭력": 0.2783535281859677
      },
      "성동구": {
        "살인": 0.00035483768293231177,
        "강도": 0.0011951525475140392,
        "강간": 0.020858520378726462,
        "절도": 0.2697597832678341,
        "폭력": 0.27060009813241587
      },
      "성북구": {
        "살인": 0.00024960430514603307,
        "강도": 0.00024960430514603307,
        "강간": 0.01669314120764003,
        "절도": 0.2021081952461068,
        "폭력": 0.25019136522305474
      },
      "송파구": {
        "살인": 0.0005446219949846656,
        "강도": 0.0007013558502060721,
        "강간": 0.01692330986562164,
        "절도": 0.2535130643223348,
        "폭력": 0.25790161226853414
      },
      "양천구": {
        "살인": 9.529475825649425e-06,
        "강도": 0.00033647316038436904,
        "강간": 0.012760333173615713,
        "절도": 0.2056571070632603,
        "폭력": 0.2731164873105427
      },
      "영등포구": {
        "살인": 0.0014998253589760268,
        "강도": 0.0025382479690955113,
        "강간": 0.037974419539422904,
        "절도": 0.38441816284053576,
        "폭력": 0.4633382812096166
      },
      "용산구": {
        "살인": 0.0007535921249805826,
        "강도": 0.002681403525665158,
        "강간": 0.04123763153935667,
        "절도": 0.3331939581096985,
        "폭력": 0.43879518261386463
      },
      "은평구": {
        "살인": 0.0,
        "강도": 0.0006348284174661404,
        "강간": 0.017246172007830143,
        "절도": 0.20219285096296571,
        "폭력": 0.2803825510475454
      },
      "종로구": {
        "살인": 0.001610184069452965,
        "강도": 0.003216515967941327,
        "강간": 0.06746979190747583,
        "절도": 0.7013283590509837,
        "폭력": 0.73634639443803
      },
      "중구": {
        "살인": 0.0008603535473996611,
        "강도": 0.003215889059665124,
        "강간": 0.06642275863878837,
        "절도": 1.0,
        "폭력": 0.872801082337665
      },
      "중랑구": {
        "살인": 0.001323132892858174,
        "강도": 0.0010707410310749057,
        "강간": 0.023281224868002517,
        "절도": 0.26911089824490586,
        "폭력": 0.3589624010397494
      }
    }
  },
  "arrestRate": {
    "districts": [
      "강남구",
      "강동구",
      "강북구",
      "강서구",
      "관악구",
      "광진구",
      "구로구",
      "금천구",
      "노원구",
      "도봉구",
      "동대문구",
      "동작구",
      "마포구",
      "서대문구",
      "서초구",
      "성동구",
      "성북구",
      "송파구",
      "양천구",
      "영등포구",
      "용산구",
      "은평구",
      "종로구",
      "중구",
      "중랑구"
    ],
    "crimeTypes": [
      "살인",
      "강도",
      "강간",
      "절도",
      "폭력"
    ],
    "data": {
      "강남구": {
        "살인": 0.000777805130767427,
        "강도": 0.0017295187856962329,
        "강간": 0.041106671258375575,
        "절도": 0.19587910439117262,
        "폭력": 0.4403505495010096
      },
      "강동구": {
        "살인": 3.7396105709448145e-05,
        "강도": 0.0007861178450478287,
        "강간": 0.018006717849830586,
        "절도": 0.11773645352970291,
        "폭력": 0.33621345706864236
      },
      "강북구": {
        "살인": 0.0012325173775861518,
        "강도": 0.0022602388247609843,
        "강간": 0.0254867435309122,
        "절도": 0.12661453393291572,
        "폭력": 0.4822061546554077
      },
      "강서구": {
        "살인": 0.0004874307329107693,
        "강도": 0.0010494730271634876,
        "강간": 0.021058178702560267,
        "절도": 0.14122282121379146,
        "폭력": 0.3051143542178842
      },
      "관악구": {
        "살인": 0.000621345064783572,
        "강도": 0.0013962315667914362,
        "강간": 0.02812981588606275,
        "절도": 0.10639335258885706,
        "폭력": 0.340796519446236
      },
      "광진구": {
        "살인": 0.0003176165290415393,
        "강도": 0.004329610597184697,
        "강간": 0.039708103743538,
        "절도": 0.23246618238114333,
        "폭력": 0.39714030254174665
      },
      "구로구": {
        "살인": 0.0004973796723643556,
        "강도": 0.0012550601809126355,
        "강간": 0.02444008374249,
        "절도": 0.13430375748199058,
        "폭력": 0.3681239624199898
      },
      "금천구": {
        "살인": 0.0006524338458874856,
        "강도": 0.0011845692377780185,
        "강간": 0.03204842196742893,
        "절도": 0.23585627706150303,
        "폭력": 0.47212439106089965
      },
      "노원구": {
        "살인": 0.0007801368445996135,
        "강도": 0.0004225447098516553,
        "강간": 0.014011045830274065,
        "절도": 0.09506526303981123,
        "폭력": 0.2771988570047712
      },
      "도봉구": {
        "살인": 0.00017215725693823017,
        "강도": 0.0015348103782124546,
        "강간": 0.02022262461283039,
        "절도": 0.09263790477197488,
        "폭력": 0.25323630835072275
      },